,precision,recall,f1-score,support
0,0.8110236220472441,0.911504424778761,0.8583333333333333,113.0
1,0.898989898989899,0.7876106194690266,0.839622641509434,113.0
accuracy,0.8495575221238938,0.8495575221238938,0.8495575221238938,0.8495575221238938
macro avg,0.8550067605185716,0.8495575221238938,0.8489779874213836,226.0
weighted avg,0.8550067605185715,0.8495575221238938,0.8489779874213836,226.0
