,precision,recall,f1-score,support
0,0.8849557522123894,0.8849557522123894,0.8849557522123894,113.0
1,0.8849557522123894,0.8849557522123894,0.8849557522123894,113.0
accuracy,0.8849557522123894,0.8849557522123894,0.8849557522123894,0.8849557522123894
macro avg,0.8849557522123894,0.8849557522123894,0.8849557522123894,226.0
weighted avg,0.8849557522123894,0.8849557522123894,0.8849557522123894,226.0
